Author,RepoName,CommitHash,Date,FilePath,RepoUrl
Alice,backend-api,sha001,2024-03-01,src/auth/login.ts,
Alice,backend-api,sha002,2024-03-02,src/auth/token.ts,
Alice,backend-api,sha003,2024-03-05,src/users/profile.ts,
Alice,backend-api,sha004,2024-03-07,src/orders/handler.ts,
Alice,backend-api,sha005,2024-03-10,src/orders/validator.ts,
Alice,frontend-web,sha006,2024-03-12,src/components/LoginForm.tsx,
Alice,frontend-web,sha007,2024-03-13,src/components/UserProfile.tsx,
Alice,frontend-web,sha008,2024-03-15,src/pages/Dashboard.tsx,
Bob,backend-api,sha009,2024-03-01,src/payments/gateway.ts,
Bob,backend-api,sha010,2024-03-03,src/payments/refund.ts,
Bob,backend-api,sha011,2024-03-06,src/payments/webhook.ts,
Bob,backend-api,sha012,2024-03-08,src/notifications/email.ts,
Bob,ci-platform,sha013,2024-03-09,pipelines/backend.yml,
Carol,frontend-web,sha014,2024-03-01,src/components/Header.tsx,
Carol,frontend-web,sha015,2024-03-02,src/components/Footer.tsx,
Carol,frontend-web,sha016,2024-03-04,src/components/ProductCard.tsx,
Carol,frontend-web,sha017,2024-03-06,src/pages/Checkout.tsx,
Carol,frontend-web,sha018,2024-03-08,src/pages/Cart.tsx,
Carol,frontend-web,sha019,2024-03-11,src/pages/Home.tsx,
Carol,mobile-app,sha020,2024-03-14,screens/HomeScreen.tsx,
Carol,backend-api,sha021,2024-03-16,src/products/catalog.ts,
Dave,frontend-web,sha022,2024-03-01,src/state/cartSlice.ts,
Dave,frontend-web,sha023,2024-03-03,src/state/userSlice.ts,
Dave,frontend-web,sha024,2024-03-05,src/utils/formatter.ts,
Dave,mobile-app,sha025,2024-03-07,screens/CartScreen.tsx,
Dave,mobile-app,sha026,2024-03-09,screens/CheckoutScreen.tsx,
Dave,backend-api,sha027,2024-03-18,src/products/search.ts,
Eve,data-pipeline,sha028,2024-03-01,pipelines/etl_orders.py,
Eve,data-pipeline,sha029,2024-03-03,pipelines/etl_users.py,
Eve,data-pipeline,sha030,2024-03-05,pipelines/etl_products.py,
Eve,analytics-db,sha031,2024-03-07,schemas/orders.sql,
Eve,analytics-db,sha032,2024-03-09,schemas/users.sql,
Eve,analytics-db,sha033,2024-03-12,schemas/events.sql,
Frank,data-pipeline,sha034,2024-03-02,pipelines/etl_payments.py,
Frank,data-pipeline,sha035,2024-03-04,pipelines/aggregations.py,
Frank,analytics-db,sha036,2024-03-06,schemas/payments.sql,
Frank,backend-api,sha037,2024-03-20,src/analytics/events.ts,
Grace,ci-platform,sha038,2024-03-01,pipelines/deploy.yml,
Grace,ci-platform,sha039,2024-03-02,pipelines/test.yml,
Grace,ci-platform,sha040,2024-03-04,infrastructure/k8s/backend.yaml,
Grace,ci-platform,sha041,2024-03-06,infrastructure/k8s/frontend.yaml,
Grace,ci-platform,sha042,2024-03-08,infrastructure/k8s/data.yaml,
Grace,backend-api,sha043,2024-03-10,src/health/check.ts,
Grace,frontend-web,sha044,2024-03-15,public/robots.txt,
Heidi,ci-platform,sha045,2024-03-01,infrastructure/terraform/main.tf,
Heidi,ci-platform,sha046,2024-03-03,infrastructure/terraform/networking.tf,
Heidi,ci-platform,sha047,2024-03-05,infrastructure/terraform/databases.tf,
Heidi,ci-platform,sha048,2024-03-07,monitoring/dashboards/backend.json,
Heidi,ci-platform,sha049,2024-03-09,monitoring/alerts/latency.yml,
Heidi,data-pipeline,sha050,2024-03-11,infrastructure/airflow/dags.py,
Alice,authentication-and-authorisation-service,sha051,2024-03-12,src/oauth/provider.ts,
Alice,authentication-and-authorisation-service,sha052,2024-03-14,src/oauth/callback.ts,
Alice,authentication-and-authorisation-service,sha053,2024-03-16,src/jwt/validator.ts,
Bob,authentication-and-authorisation-service,sha054,2024-03-18,src/sessions/store.ts,
Carol,authentication-and-authorisation-service,sha055,2024-03-20,src/frontend/sso.tsx,
Since=2024-03-01,Until=2024-03-31
